label,title,text,note
scam,Part time job,"Hello! We are hiring for part time work from home. Earn Rs 3000 to 8000 per day by liking YouTube videos. No experience required, students and housewives can apply. Contact on WhatsApp +91 98765 43210 now!","illustrative, hand-written for demo; not used for training"
scam,Data Entry Operator,"Congratulations! You are selected for Data Entry job at Amazon without interview. Salary 35,000/month. Pay Rs 1499 registration fee and send Aadhaar card copy to confirm your seat. Limited seats, hurry!","illustrative, hand-written for demo; not used for training"
scam,Internship offer,"Dear student, you have been shortlisted for a paid internship with guaranteed placement. A refundable security deposit of Rs 2500 is required. Pay to our UPI ID hrteam@okaxis today only.","illustrative, hand-written for demo; not used for training"
scam,Telegram task,Earn daily income from home! Complete simple tasks like rating hotels and products on Google. Join our Telegram group t.me/earnfast2026 and get Rs 200 bonus instantly.,"illustrative, hand-written for demo; not used for training"
scam,Hotel review job,Online hotel review job. Rate hotels and earn Rs 150 per review. Prepaid task gives 30% profit. Contact our HR on WhatsApp for details.,"illustrative, hand-written for demo; not used for training"
scam,Work From Home,"URGENT hiring!!! Copy paste work, typing work from home. Earn upto 50,000 per month. Only 1 hour daily. Kindly pay Rs 799 for training kit. DM on WhatsApp.","illustrative, hand-written for demo; not used for training"
scam,Customer Care Executive,Selected candidates will get direct joining at Flipkart warehouse. Salary 28000 plus free food and stay. Pay document verification charge Rs 1200 through Google Pay. Contact recruiter hr.flipkart.jobs@gmail.com,"illustrative, hand-written for demo; not used for training"
scam,Remote Assistant,We are looking for a remote personal assistant. You will receive a cheque to purchase gift cards for our clients and send the codes. Weekly pay $500. Reply by text to get started.,"illustrative, hand-written for demo; not used for training"
scam,Crypto Trading Associate,"Earn 5% daily profit as a crypto trading associate. No experience needed, full training given. Deposit minimum 100 USDT to activate your account. Contact on Telegram.","illustrative, hand-written for demo; not used for training"
scam,Airport Ground Staff,Indigo airport ground staff vacancy. 12th pass can apply. 100% job guarantee. Interview fee Rs 950 to be paid in advance. Apply at bit.ly/indigo-jobs-2026,"illustrative, hand-written for demo; not used for training"
scam,Online Survey Job,Fill online surveys and earn $25 per survey from home. Registration costs only $49. Anyone can apply. Instant payout daily!,"illustrative, hand-written for demo; not used for training"
scam,Package Reshipper,Work from home as a package handling coordinator. Receive parcels at your address and reship them. Earn $2500 per month. We need your bank account details for direct deposit.,"illustrative, hand-written for demo; not used for training"
scam,Mystery Shopper,"Become a mystery shopper! We will send you a check, deposit it, keep $300 as your pay and wire transfer the rest via Western Union to our agent.","illustrative, hand-written for demo; not used for training"
scam,Instagram Promoter,Earn Rs 500 per day by following Instagram pages and liking posts. Join our Telegram task group. Pay Rs 300 joining fee to unlock premium tasks.,"illustrative, hand-written for demo; not used for training"
scam,Govt Job Assured,"Railway job assured without exam. Direct selection through management quota. Processing fee Rs 25,000. Call now, last date today.","illustrative, hand-written for demo; not used for training"
real,Software Engineer Intern,"Infosys is hiring Software Engineering Interns for Summer 2027 in Bengaluru. Requirements: pursuing B.Tech/B.E in Computer Science, knowledge of Java or Python, data structures. Selection process includes an online test and two technical interviews. Apply through the Infosys careers portal.","illustrative, hand-written for demo; not used for training"
real,Data Analyst,"We are looking for a Data Analyst to join our analytics team in Pune. You will build dashboards in Power BI, write SQL queries and work with product managers to define KPIs. Requirements: 1-3 years of experience with SQL and Excel, strong communication skills. Benefits include health insurance, provident fund and flexible hours.","illustrative, hand-written for demo; not used for training"
real,Marketing Intern,"Food52 is looking for a Marketing Intern to support our social media and content teams. You'll help plan campaigns, write copy and analyse engagement metrics. We are a small team in New York and this is a paid internship with mentorship from senior marketers.","illustrative, hand-written for demo; not used for training"
real,Mechanical Design Engineer,"Tata Motors is hiring a Mechanical Design Engineer for the Pune plant. Responsibilities include CAD modelling in CATIA, tolerance analysis and working with suppliers. Qualification: B.E. Mechanical with 2+ years experience. Shortlisted candidates will be invited for a technical interview.","illustrative, hand-written for demo; not used for training"
real,Customer Support Associate,"Join our customer support team in Hyderabad. Handle customer queries over chat and email, resolve issues and escalate complex cases. Graduates with good English communication can apply. Rotational shifts, 5 days working, medical insurance and paid leave.","illustrative, hand-written for demo; not used for training"
real,Frontend Developer,"We are a fintech startup looking for a Frontend Developer skilled in React and TypeScript. You will work closely with designers to build responsive web applications. 2-4 years experience required. Competitive salary, ESOPs and a hybrid work model. Interview process: take-home assignment followed by technical and culture-fit rounds.","illustrative, hand-written for demo; not used for training"
real,Teaching Assistant,"The university is hiring Teaching Assistants for the Machine Learning course. Duties include conducting lab sessions, grading assignments and holding office hours. Applicants must be postgraduate students with a strong background in Python and statistics. Apply through the department office.","illustrative, hand-written for demo; not used for training"
real,Accountant,"Accounts executive required for a manufacturing company in Chennai. Responsibilities: GST filing, TDS returns, bank reconciliation and maintaining books in Tally. B.Com with 2 years experience. Salary as per industry standards.","illustrative, hand-written for demo; not used for training"
real,Registered Nurse,City Hospital is recruiting Registered Nurses for the ICU. Candidates must hold a B.Sc Nursing degree and valid nursing council registration. Experience in critical care preferred. Benefits include accommodation and night shift allowance.,"illustrative, hand-written for demo; not used for training"
real,Business Development Executive,"We are hiring Business Development Executives to grow our B2B SaaS sales in Mumbai. You will generate leads, run product demos and manage the sales pipeline in our CRM. 1-2 years of B2B sales experience preferred. Fixed salary plus performance incentives.","illustrative, hand-written for demo; not used for training"
real,Machine Learning Engineer,"Our AI team is looking for a Machine Learning Engineer to build and deploy recommendation models. Requirements: experience with Python, scikit-learn, PyTorch and cloud deployment; strong understanding of model evaluation. We offer a competitive salary, learning budget and remote-friendly culture.","illustrative, hand-written for demo; not used for training"
real,Graphic Designer,"Creative agency seeks a Graphic Designer with a strong portfolio in branding and social media design. Proficiency in Figma, Illustrator and Photoshop required. Please share your portfolio link with your application on our website.","illustrative, hand-written for demo; not used for training"
real,Operations Intern,"Summer internship in supply chain operations at our Gurugram office. Interns will analyse delivery data, improve route planning and present findings to the operations head. Stipend provided. Selection through resume shortlisting and a personal interview.","illustrative, hand-written for demo; not used for training"
